付铨,0,http://faculty.hust.edu.cn/fuquan/zh_CN/index.htm
付铨,0,http://faculty.hust.edu.cn/fuquan/zh_CN/index.htm
梅松,1,http://faculty.hust.edu.cn/meisong/zh_CN/index.htm
梅松,1,http://faculty.hust.edu.cn/meisong/zh_CN/index.htm
许蔚,2,http://faculty.hust.edu.cn/xuyu2/zh_CN/index.htm
许蔚,2,http://faculty.hust.edu.cn/xuyu2/zh_CN/index.htm
李榕,3,http://faculty.hust.edu.cn/lirong7/zh_CN/index.htm
李榕,3,http://faculty.hust.edu.cn/lirong7/zh_CN/index.htm
周英飚,3,http://faculty.hust.edu.cn/zhouyingbiao/zh_CN/index.htm
周英飚,3,http://faculty.hust.edu.cn/zhouyingbiao/zh_CN/index.htm
李春花,4,http://faculty.hust.edu.cn/lichunhua/zh_CN/index.htm
李春花,4,http://faculty.hust.edu.cn/lichunhua/zh_CN/index.htm
付小青,4,http://faculty.hust.edu.cn/fuxiaoqing1/zh_CN/index.htm
夏涛,4,http://faculty.hust.edu.cn/xiatao1/zh_CN/index.htm
夏涛,4,http://faculty.hust.edu.cn/xiatao1/zh_CN/index.htm
张新访,6,http://faculty.hust.edu.cn/zhangxinfang/zh_CN/index.htm
张新访,6,http://faculty.hust.edu.cn/zhangxinfang/zh_CN/index.htm
范晔斌,6,http://faculty.hust.edu.cn/fanyebin/zh_CN/index.htm
范晔斌,6,http://faculty.hust.edu.cn/fanyebin/zh_CN/index.htm
纪俊文,6,http://faculty.hust.edu.cn/jijunwen/zh_CN/index.htm
刘铭,6,http://faculty.hust.edu.cn/liuming/zh_CN/index.htm
纪俊文,6,http://faculty.hust.edu.cn/jijunwen/zh_CN/index.htm
刘铭,6,http://faculty.hust.edu.cn/liuming/zh_CN/index.htm
王海卫,6,http://faculty.hust.edu.cn/wanghaiwei/zh_CN/index.htm
王海卫,6,http://faculty.hust.edu.cn/wanghaiwei/zh_CN/index.htm
李专,7,http://faculty.hust.edu.cn/lizhuan/zh_CN/index.htm
李专,7,http://faculty.hust.edu.cn/lizhuan/zh_CN/index.htm
张杰,7,http://faculty.hust.edu.cn/tozhangjie/zh_CN/index.htm
张勇,7,http://faculty.hust.edu.cn/zhangyong8/zh_CN/index.htm
张杰,7,http://faculty.hust.edu.cn/tozhangjie/zh_CN/index.htm
张勇,7,http://faculty.hust.edu.cn/zhangyong8/zh_CN/index.htm
李洁琼,7,http://faculty.hust.edu.cn/lijieqiong/zh_CN/index.htm
李洁琼,7,http://faculty.hust.edu.cn/lijieqiong/zh_CN/index.htm
谭支鹏,8,http://faculty.hust.edu.cn/tanzhipeng/zh_CN/index.htm
谭支鹏,8,http://faculty.hust.edu.cn/tanzhipeng/zh_CN/index.htm
童薇,8,http://faculty.hust.edu.cn/tongwei/zh_CN/index.htm
童薇,8,http://faculty.hust.edu.cn/tongwei/zh_CN/index.htm
陈基雄,9,http://faculty.hust.edu.cn/chenjixiong/zh_CN/index.htm
徐海银,9,http://faculty.hust.edu.cn/xuhaiyin/zh_CN/index.htm
王同洋,9,http://faculty.hust.edu.cn/wangtongyang/zh_CN/index.htm
徐海银,9,http://faculty.hust.edu.cn/xuhaiyin/zh_CN/index.htm
王同洋,9,http://faculty.hust.edu.cn/wangtongyang/zh_CN/index.htm
朱建新,9,http://faculty.hust.edu.cn/zhujianxin/zh_CN/index.htm
朱建新,9,http://faculty.hust.edu.cn/zhujianxin/zh_CN/index.htm
吴海,9,http://faculty.hust.edu.cn/wuhai/zh_CN/index.htm
吴海,9,http://faculty.hust.edu.cn/wuhai/zh_CN/index.htm
黄志,10,http://faculty.hust.edu.cn/huangzhi/zh_CN/index.htm
李海波,10,http://faculty.hust.edu.cn/lihaibo/zh_CN/index.htm
李海波,10,http://faculty.hust.edu.cn/lihaibo/zh_CN/index.htm
杨茂林,10,http://faculty.hust.edu.cn/yangmaolin/zh_CN/index.htm
杨茂林,10,http://faculty.hust.edu.cn/yangmaolin/zh_CN/index.htm
肖凌,10,http://faculty.hust.edu.cn/xiaoling3/zh_CN/index.htm
肖凌,10,http://faculty.hust.edu.cn/xiaoling3/zh_CN/index.htm
姚杰,10,http://faculty.hust.edu.cn/yaojie2/zh_CN/index.htm
姚杰,10,http://faculty.hust.edu.cn/yaojie2/zh_CN/index.htm
羌卫中,11,http://faculty.hust.edu.cn/qiangweizhong/zh_CN/index.htm
李平,11,http://faculty.hust.edu.cn/liping12/zh_CN/index.htm
李平,11,http://faculty.hust.edu.cn/liping12/zh_CN/index.htm
崔永泉,11,http://faculty.hust.edu.cn/cuiyongquan/zh_CN/index.htm
崔永泉,11,http://faculty.hust.edu.cn/cuiyongquan/zh_CN/index.htm
周正勇,11,http://faculty.hust.edu.cn/zhouzhengyong/zh_CN/index.htm
周正勇,11,http://faculty.hust.edu.cn/zhouzhengyong/zh_CN/index.htm
胡迪青,12,http://faculty.hust.edu.cn/hudiqing/zh_CN/index.htm
胡迪青,12,http://faculty.hust.edu.cn/hudiqing/zh_CN/index.htm
骆婷,12,http://faculty.hust.edu.cn/luoting1/zh_CN/index.htm
骆婷,12,http://faculty.hust.edu.cn/luoting1/zh_CN/index.htm
向文,13,http://faculty.hust.edu.cn/xiangwen1/zh_CN/index.htm
向文,13,http://faculty.hust.edu.cn/xiangwen1/zh_CN/index.htm
施展,13,http://faculty.hust.edu.cn/shizhan/zh_CN/index.htm
施展,13,http://faculty.hust.edu.cn/shizhan/zh_CN/index.htm
邵志远,14,http://faculty.hust.edu.cn/zyshao/zh_CN/index.htm
胡贯荣,14,http://faculty.hust.edu.cn/huguanrong/zh_CN/index.htm
瞿彬彬,14,http://faculty.hust.edu.cn/jubinbin/zh_CN/index.htm
胡贯荣,14,http://faculty.hust.edu.cn/huguanrong/zh_CN/index.htm
瞿彬彬,14,http://faculty.hust.edu.cn/jubinbin/zh_CN/index.htm
孙伟平,14,http://faculty.hust.edu.cn/sunweiping1/zh_CN/index.htm
孙伟平,14,http://faculty.hust.edu.cn/sunweiping1/zh_CN/index.htm
徐丽萍,15,http://faculty.hust.edu.cn/xuliping/zh_CN/index.htm
徐丽萍,15,http://faculty.hust.edu.cn/xuliping/zh_CN/index.htm
郑然,15,http://faculty.hust.edu.cn/zhengran/zh_CN/index.htm
郑然,15,http://faculty.hust.edu.cn/zhengran/zh_CN/index.htm
陈进才,15,http://faculty.hust.edu.cn/chenjincai/zh_CN/index.htm
谢长生,15,http://faculty.hust.edu.cn/xiezhangsheng/zh_CN/index.htm
谢长生,15,http://faculty.hust.edu.cn/xiezhangsheng/zh_CN/index.htm
胡迎松,16,http://faculty.hust.edu.cn/huyingsong1/zh_CN/index.htm
李开,16,http://faculty.hust.edu.cn/likai1/zh_CN/index.htm
胡迎松,16,http://faculty.hust.edu.cn/huyingsong1/zh_CN/index.htm
李开,16,http://faculty.hust.edu.cn/likai1/zh_CN/index.htm
许向阳,16,http://faculty.hust.edu.cn/xuxiangyang/zh_CN/index.htm
班鹏新,16,http://faculty.hust.edu.cn/banpengxin/zh_CN/index.htm
许向阳,16,http://faculty.hust.edu.cn/xuxiangyang/zh_CN/index.htm
班鹏新,16,http://faculty.hust.edu.cn/banpengxin/zh_CN/index.htm
阳富民,16,http://faculty.hust.edu.cn/yangfumin/zh_CN/index.htm
冯琪,17,http://faculty.hust.edu.cn/fengqi/zh_CN/index.htm
冯琪,17,http://faculty.hust.edu.cn/fengqi/zh_CN/index.htm
王美珍,17,http://faculty.hust.edu.cn/wangmeizhen1/zh_CN/index.htm
王美珍,17,http://faculty.hust.edu.cn/wangmeizhen1/zh_CN/index.htm
王桦,17,http://faculty.hust.edu.cn/hwang/zh_CN/index.htm
王桦,17,http://faculty.hust.edu.cn/hwang/zh_CN/index.htm
万继光,18,http://faculty.hust.edu.cn/wanjiguang/zh_CN/index.htm
万继光,18,http://faculty.hust.edu.cn/wanjiguang/zh_CN/index.htm
胡侃,19,http://faculty.hust.edu.cn/hukan1/zh_CN/index.htm
江胜,19,http://faculty.hust.edu.cn/jiangsheng/zh_CN/index.htm
潘鹏,19,http://faculty.hust.edu.cn/panpeng1/zh_CN/index.htm
江胜,19,http://faculty.hust.edu.cn/jiangsheng/zh_CN/index.htm
潘鹏,19,http://faculty.hust.edu.cn/panpeng1/zh_CN/index.htm
甘早斌,19,http://faculty.hust.edu.cn/ganzaobin/zh_CN/index.htm
甘早斌,19,http://faculty.hust.edu.cn/ganzaobin/zh_CN/index.htm
肖亮,19,http://faculty.hust.edu.cn/xiaoliang/zh_CN/index.htm
肖亮,19,http://faculty.hust.edu.cn/xiaoliang/zh_CN/index.htm
代炜琦,21,http://faculty.hust.edu.cn/dwqwog/zh_CN/index.htm
金良海,21,http://faculty.hust.edu.cn/LianghaiJin/zh_CN/index.htm
金良海,21,http://faculty.hust.edu.cn/LianghaiJin/zh_CN/index.htm
陈俭喜,21,http://faculty.hust.edu.cn/chenjianxi/zh_CN/index.htm
陈俭喜,21,http://faculty.hust.edu.cn/chenjianxi/zh_CN/index.htm
韩兰胜,21,http://faculty.hust.edu.cn/hanlansheng/zh_CN/index.htm
韩兰胜,21,http://faculty.hust.edu.cn/hanlansheng/zh_CN/index.htm
万胜刚,21,http://faculty.hust.edu.cn/wanshenggang/zh_CN/index.htm
吴非,21,http://faculty.hust.edu.cn/wufei1/zh_CN/index.htm
吴非,21,http://faculty.hust.edu.cn/wufei1/zh_CN/index.htm
左琼,21,http://faculty.hust.edu.cn/zuoqiong/zh_CN/index.htm
何云峰,22,http://faculty.hust.edu.cn/heyunfeng/zh_CN/index.htm
何云峰,22,http://faculty.hust.edu.cn/heyunfeng/zh_CN/index.htm
谢美意,22,http://faculty.hust.edu.cn/xiemeiyi/zh_CN/index.htm
谢美意,22,http://faculty.hust.edu.cn/xiemeiyi/zh_CN/index.htm
曹强,22,http://faculty.hust.edu.cn/caoqiang/zh_CN/index.htm
曹强,22,http://faculty.hust.edu.cn/caoqiang/zh_CN/index.htm
秦磊华,22,http://faculty.hust.edu.cn/qinleihua/zh_CN/index.htm
秦磊华,22,http://faculty.hust.edu.cn/qinleihua/zh_CN/index.htm
徐鹏,23,http://faculty.hust.edu.cn/xupeng1/zh_CN/index.htm
徐鹏,23,http://faculty.hust.edu.cn/xupeng1/zh_CN/index.htm
卢萍,23,http://faculty.hust.edu.cn/luping/zh_CN/index.htm
卢萍,23,http://faculty.hust.edu.cn/luping/zh_CN/index.htm
刘辉宇,23,http://faculty.hust.edu.cn/liuhuiyu_cs/zh_CN/index.htm
鲁宏伟,23,http://faculty.hust.edu.cn/luhongwei/zh_CN/index.htm
张云鹤,23,http://faculty.hust.edu.cn/zhangyunhe/zh_CN/index.htm
刘辉宇,23,http://faculty.hust.edu.cn/liuhuiyu_cs/zh_CN/index.htm
鲁宏伟,23,http://faculty.hust.edu.cn/luhongwei/zh_CN/index.htm
张云鹤,23,http://faculty.hust.edu.cn/zhangyunhe/zh_CN/index.htm
王芳,23,http://faculty.hust.edu.cn/wangfang16/zh_CN/index.htm
王芳,23,http://faculty.hust.edu.cn/wangfang16/zh_CN/index.htm
蒋文斌,24,http://faculty.hust.edu.cn/jiangwenbin/zh_CN/index.htm
张爱华,24,http://faculty.hust.edu.cn/zhangaihua2/zh_CN/index.htm
张爱华,24,http://faculty.hust.edu.cn/zhangaihua2/zh_CN/index.htm
宋恩民,25,http://faculty.hust.edu.cn/songenmin1/zh_CN/index.htm
宋恩民,25,http://faculty.hust.edu.cn/songenmin1/zh_CN/index.htm
周全,25,http://faculty.hust.edu.cn/ZHOUQUAN/zh_CN/index.htm
周全,25,http://faculty.hust.edu.cn/ZHOUQUAN/zh_CN/index.htm
汤学明,26,http://faculty.hust.edu.cn/tangxueming/zh_CN/index.htm
汤学明,26,http://faculty.hust.edu.cn/tangxueming/zh_CN/index.htm
马晓静,27,http://faculty.hust.edu.cn/maxiaojing/zh_CN/index.htm
许贵平,27,http://faculty.hust.edu.cn/xuguiping/zh_CN/index.htm
许贵平,27,http://faculty.hust.edu.cn/xuguiping/zh_CN/index.htm
邹德清,27,http://faculty.hust.edu.cn/zoudeqing/zh_CN/index.htm
陈加忠,27,http://faculty.hust.edu.cn/chenjiazhong/zh_CN/index.htm
邹德清,27,http://faculty.hust.edu.cn/zoudeqing/zh_CN/index.htm
陈加忠,27,http://faculty.hust.edu.cn/chenjiazhong/zh_CN/index.htm
吕新桥,28,http://faculty.hust.edu.cn/lvxinqiao/zh_CN/index.htm
吕新桥,28,http://faculty.hust.edu.cn/lvxinqiao/zh_CN/index.htm
金人超,28,http://faculty.hust.edu.cn/rjin/zh_CN/index.htm
金人超,28,http://faculty.hust.edu.cn/rjin/zh_CN/index.htm
郭红星,28,http://faculty.hust.edu.cn/guohongxing/zh_CN/index.htm
郭红星,28,http://faculty.hust.edu.cn/guohongxing/zh_CN/index.htm
王多强,29,http://faculty.hust.edu.cn/wangduoqiang/zh_CN/index.htm
曾令仿,29,http://faculty.hust.edu.cn/zenglingfang/zh_CN/index.htm
曾令仿,29,http://faculty.hust.edu.cn/zenglingfang/zh_CN/index.htm
王蔚,30,http://faculty.hust.edu.cn/vivia_wangwei/zh_CN/index.htm
谢夏,30,http://faculty.hust.edu.cn/xiexia/zh_CN/index.htm
谢夏,30,http://faculty.hust.edu.cn/xiexia/zh_CN/index.htm
谭志虎,30,http://faculty.hust.edu.cn/tanzhihu/zh_CN/index.htm
谭志虎,30,http://faculty.hust.edu.cn/tanzhihu/zh_CN/index.htm
韩建军,31,http://faculty.hust.edu.cn/jianjunhan/zh_CN/index.htm
陆枫,31,http://faculty.hust.edu.cn/lufeng2/zh_CN/index.htm
陆枫,31,http://faculty.hust.edu.cn/lufeng2/zh_CN/index.htm
李丹,31,http://faculty.hust.edu.cn/lidan20/zh_CN/index.htm
李丹,31,http://faculty.hust.edu.cn/lidan20/zh_CN/index.htm
路松峰,32,http://faculty.hust.edu.cn/lusongfeng/zh_CN/index.htm
路松峰,32,http://faculty.hust.edu.cn/lusongfeng/zh_CN/index.htm
石柯,34,http://faculty.hust.edu.cn/keshi/zh_CN/index.htm
刘宏,34,http://faculty.hust.edu.cn/liuhong11/zh_CN/index.htm
刘宏,34,http://faculty.hust.edu.cn/liuhong11/zh_CN/index.htm
马光志,34,http://faculty.hust.edu.cn/maguangzhi/zh_CN/index.htm
曹忠升,34,http://faculty.hust.edu.cn/caozhongsheng/zh_CN/index.htm
曹忠升,34,http://faculty.hust.edu.cn/caozhongsheng/zh_CN/index.htm
于东晓,36,http://faculty.hust.edu.cn/yudongxiao/zh_CN/index.htm
于东晓,36,http://faculty.hust.edu.cn/yudongxiao/zh_CN/index.htm
辜希武,37,http://faculty.hust.edu.cn/guxiwu/zh_CN/index.htm
赵贻竹,37,http://faculty.hust.edu.cn/zhaoyizhu/zh_CN/index.htm
赵贻竹,37,http://faculty.hust.edu.cn/zhaoyizhu/zh_CN/index.htm
丁晓锋,38,http://faculty.hust.edu.cn/dingxiaofeng/zh_CN/index.htm
金燕,38,http://faculty.hust.edu.cn/jinyan1/zh_CN/index.htm
刘海坤,39,http://faculty.hust.edu.cn/liuhaikun/zh_CN/index.htm
刘海坤,39,http://faculty.hust.edu.cn/liuhaikun/zh_CN/index.htm
黄建忠,41,http://faculty.hust.edu.cn/hjzh/zh_CN/index.htm
黄建忠,41,http://faculty.hust.edu.cn/hjzh/zh_CN/index.htm
朱虹,41,http://faculty.hust.edu.cn/zhuhong4/zh_CN/index.htm
朱虹,41,http://faculty.hust.edu.cn/zhuhong4/zh_CN/index.htm
顾琳,43,http://faculty.hust.edu.cn/gulin/zh_CN/index.htm
谢雨来,43,http://faculty.hust.edu.cn/xieyulai/zh_CN/index.htm
谢雨来,43,http://faculty.hust.edu.cn/xieyulai/zh_CN/index.htm
李玉华,44,http://faculty.hust.edu.cn/yhli/zh_CN/index.htm
涂刚,48,http://faculty.hust.edu.cn/tugang/zh_CN/index.htm
涂刚,48,http://faculty.hust.edu.cn/tugang/zh_CN/index.htm
周可,54,http://faculty.hust.edu.cn/zhouke2/zh_CN/index.htm
周可,54,http://faculty.hust.edu.cn/zhouke2/zh_CN/index.htm
王天江,58,http://faculty.hust.edu.cn/tjwang/zh_CN/index.htm
王天江,58,http://faculty.hust.edu.cn/tjwang/zh_CN/index.htm
胡燏翀,60,http://faculty.hust.edu.cn/huyuchong/zh_CN/index.htm
胡燏翀,60,http://faculty.hust.edu.cn/huyuchong/zh_CN/index.htm
邹复好,63,http://faculty.hust.edu.cn/zoufuhao/zh_CN/index.htm
邹复好,63,http://faculty.hust.edu.cn/zoufuhao/zh_CN/index.htm
华强胜,67,http://faculty.hust.edu.cn/huaqiangsheng/zh_CN/index.htm
李瑞轩,67,http://faculty.hust.edu.cn/rxli/zh_CN/index.htm
李瑞轩,67,http://faculty.hust.edu.cn/rxli/zh_CN/index.htm
陈凯,68,http://faculty.hust.edu.cn/chenkai/zh_CN/index.htm
付才,69,http://faculty.hust.edu.cn/fucai/zh_CN/index.htm
付才,69,http://faculty.hust.edu.cn/fucai/zh_CN/index.htm
郑渤龙,71,http://faculty.hust.edu.cn/BOLONGZHENG/zh_CN/index.htm
郑渤龙,71,http://faculty.hust.edu.cn/BOLONGZHENG/zh_CN/index.htm
管涛,72,http://faculty.hust.edu.cn/guantao1/zh_CN/index.htm
管涛,72,http://faculty.hust.edu.cn/guantao1/zh_CN/index.htm
袁凌,79,http://faculty.hust.edu.cn/yuanling1/zh_CN/index.htm
袁凌,79,http://faculty.hust.edu.cn/yuanling1/zh_CN/index.htm
李国徽,80,http://faculty.hust.edu.cn/liguohui/zh_CN/index.htm
李国徽,80,http://faculty.hust.edu.cn/liguohui/zh_CN/index.htm
吴松,88,http://faculty.hust.edu.cn/wusong2/zh_CN/index.htm
冯丹,88,http://faculty.hust.edu.cn/dfeng/zh_CN/index.htm
冯丹,88,http://faculty.hust.edu.cn/dfeng/zh_CN/index.htm
华宇,93,http://faculty.hust.edu.cn/huayu/zh_CN/index.htm
华宇,93,http://faculty.hust.edu.cn/huayu/zh_CN/index.htm
凌贺飞,94,http://faculty.hust.edu.cn/linghefei/zh_CN/index.htm
	凌贺飞,94,http://faculty.hust.edu.cn/linghefei/zh_CN/index.htm
余辰,97,http://faculty.hust.edu.cn/yuchen1/zh_CN/index.htm
余辰,97,http://faculty.hust.edu.cn/yuchen1/zh_CN/index.htm
石宣化,100,http://faculty.hust.edu.cn/shixuanhua/zh_CN/index.htm
吕志鹏,102,http://faculty.hust.edu.cn/lzp/zh_CN/index.htm
于俊清,124,http://faculty.hust.edu.cn/yujunqing/zh_CN/index.htm
于俊清,124,http://faculty.hust.edu.cn/yujunqing/zh_CN/index.htm
黄宏,126,http://faculty.hust.edu.cn/honghuang/zh_CN/index.htm
廖小飞,128,http://faculty.hust.edu.cn/xfliao/zh_CN/index.htm
李剑军,140,http://faculty.hust.edu.cn/lijianjun1/zh_CN/index.htm
李剑军,140,http://faculty.hust.edu.cn/lijianjun1/zh_CN/index.htm
陈敏,144,http://faculty.hust.edu.cn/chenmin8/zh_CN/index.htm
金海,156,http://faculty.hust.edu.cn/jinhai/zh_CN/index.htm
陈汉华,162,http://faculty.hust.edu.cn/chen/zh_CN/index.htm
赵峰,165,http://faculty.hust.edu.cn/zffeng/zh_CN/index.htm
赵峰,165,http://faculty.hust.edu.cn/zffeng/zh_CN/index.htm
杨天若,196,http://faculty.hust.edu.cn/yangtianruo/zh_CN/index.htm
杨天若,196,http://faculty.hust.edu.cn/yangtianruo/zh_CN/index.htm
何琨,221,http://faculty.hust.edu.cn/hekun/zh_CN/index.htm
魏巍,222,http://faculty.hust.edu.cn/weiw/zh_CN/index.htm
魏巍,222,http://faculty.hust.edu.cn/weiw/zh_CN/index.htm
肖江,472,http://faculty.hust.edu.cn/jxiao/zh_CN/index.htm
袁平鹏,1615,http://faculty.hust.edu.cn/ppyuan/zh_CN/index.htm
袁平鹏,1615,http://faculty.hust.edu.cn/ppyuan/zh_CN/index.htm
刘方明,5862,http://faculty.hust.edu.cn/liufangming/zh_CN/index.htm
刘方明,5862,http://faculty.hust.edu.cn/liufangming/zh_CN/index.htm
