文章标题,分类,作者,文章地址
C 语言的++操作见鬼了，两台电脑上结果不一样是什么原因？,问与答,Luckyray,https://www.v2ex.com/t/405503#reply12
1 核 1G 内存应付日 IP 一万够了吗？,问与答,Dannytmp,https://www.v2ex.com/t/405484#reply14
问题来了，如何在电脑启动时，发一条通知给手机？,问与答,Chigogo,https://www.v2ex.com/t/405506#reply4
GCP 无法访问 Google 的服务,问与答,blindpirate,https://www.v2ex.com/t/405461#reply8
群里一位哥们儿的 5 折券，瞬间让我的 8.5 折券失去了光芒。。。,分享发现,shrugged,https://www.v2ex.com/t/405489#reply12
阿里云，双十一活动里没出现 ECS 的 2 折连接,优惠信息,opengps,https://www.v2ex.com/t/405480#reply7
刷了 100 道 LeetCode，我也出两题回馈大家，难度适中，绝对不水,程序员,begeekmyfriend,https://www.v2ex.com/t/405509#reply4
联通又出了个无限卡，感觉比大王卡更爽,问与答,Dullsir,https://www.v2ex.com/t/405462#reply65
微信屏蔽了一些局域网的地址，申述都没有成功。,全球工单系统,wovfeng,https://www.v2ex.com/t/405504#reply13
第三方平台如何接入保险公司的系统？,问与答,liaoxiaohang,https://www.v2ex.com/t/405502#reply1
暴走大事件第五季 36 被下架删除！,分享发现,Jzer0n,https://www.v2ex.com/t/405398#reply37
为什么有的人自己傻还让别人多读书？,程序员,only0jac,https://www.v2ex.com/t/405496#reply14
靠 ipv6 dns 也和谐了？,宽带症候群,q0000x,https://www.v2ex.com/t/405426#reply16
靠谱港行 T470P 店铺推荐,问与答,tmac33,https://www.v2ex.com/t/405501#reply7
ubuntu 16 下 telegram 如何更换中文字体,Linux,livc,https://www.v2ex.com/t/405515#reply0
沉痛哀悼 6to4 6in4 隧道,宽带症候群,965380535,https://www.v2ex.com/t/405477#reply12
youtube 上有那些频道值的订阅的?,程序员,xoxo419,https://www.v2ex.com/t/405390#reply44
令人滑稽的 Macbook 电池情况,Apple,pointsmake,https://www.v2ex.com/t/405472#reply3
哪个啥，京东的哥们，你们组合促销策略写出坑了,程序员,jusalun,https://www.v2ex.com/t/405469#reply9
微信零钱通 有自动转入功能吗？,问与答,baskice,https://www.v2ex.com/t/405475#reply3
有人抢购都百度云吗？,云计算,YAHOOQQ,https://www.v2ex.com/t/405481#reply7
你们可以 Show 双 11 战果了，看是不是买到地板价，还是地狱价？,问与答,ajeef,https://www.v2ex.com/t/405441#reply27
今天面试了一家公司的 pyton web 岗位,问与答,bestkayle,https://www.v2ex.com/t/405377#reply21
C 语言刷 150 道 LeetCode 经验谈,程序员,begeekmyfriend,https://www.v2ex.com/t/405467#reply23
请问用什么邮箱注册印象笔记比较好？,问与答,lsylsylsy,https://www.v2ex.com/t/405466#reply6
明天的 office 365 促销不是 99，不是 119，不是 169，而是 199,分享发现,f2f2f,https://www.v2ex.com/t/405379#reply32
不小心买了个 328 游戏宝箱..,iPhone,a554340466,https://www.v2ex.com/t/405454#reply14
绝对好看之 [豆瓣评分最高的 10 部国产剧],推广,brightguo,https://www.v2ex.com/t/405511#reply0
如何宣传个人的 Github 开源项目？,程序员,wxsm,https://www.v2ex.com/t/405378#reply29
课余做了个快速定位文件夹的应用。,分享创造,HahaMango,https://www.v2ex.com/t/405471#reply3
京东云上午还是 111 元，晚上就 210 了,云计算,only0jac,https://www.v2ex.com/t/405403#reply44
VS2017 更新周期真的太僵化了。,全球工单系统,skinny,https://www.v2ex.com/t/405497#reply1
写了一篇用 Ramda API 展示递归的文章：《Practical Ramda：递归》,分享创造,adispring,https://www.v2ex.com/t/405508#reply0
"[长沙] 招聘 PHP , GO 研发工程师",酷工作,nletech,https://www.v2ex.com/t/405507#reply0
"甄珠贝给 V2 的程序猿们送 ""双十一单身"" 福利来啦！ 不知道给喜欢的女孩送什么？ 来看看我们的珍珠首饰！",推广,zywsss,"https://www.v2ex.com/t/405505#reply0"">甄珠贝给 V2 的程序猿们送 ""双十一单身"
[昆山] 江苏立讯机器人招聘软件（web）开发工程师,酷工作,notes,https://www.v2ex.com/t/405473#reply7
11.11，玩客云，有抢到的吗？,分享发现,NumberFairy,https://www.v2ex.com/t/405485#reply7
求辅助 office 的工具，如制作图表等,微软,ChasYuan,https://www.v2ex.com/t/405487#reply6
也没有买过 zealer 里面小辛使用过的奥睿科的扩展坞，原价 1299，现价 999,问与答,kindlepaper,https://www.v2ex.com/t/405493#reply1
双十一当天京东自营的固态硬盘和内存条不能用券了,分享发现,Death,https://www.v2ex.com/t/405456#reply12
请问印象笔记 iOS 手机端可以本地备份吗？如果不可以，那电脑端怎么本地备份呢？,问与答,lsylsylsy,https://www.v2ex.com/t/405464#reply5
可怜的 aliyun 的 mns 短信服务用户,云计算,icemanpro,https://www.v2ex.com/t/405495#reply0
想用 win10 自带的输入法了，但自定义短语这个功能该怎么替换呢？,问与答,Newyorkcity,https://www.v2ex.com/t/405465#reply4
问一个 PHP 问题请求 v 友，感觉友有点算法的意思,程序员,slgz,https://www.v2ex.com/t/405482#reply1
当戴尔显示器遇到严重漏光与售后的交流日常,分享发现,PPing520,https://www.v2ex.com/t/405423#reply11
AC68U 和 R7000 如何选择,问与答,idclight,https://www.v2ex.com/t/405427#reply13
Affyun 双十一活动 《双 11 狂欢周》联合 IDC 商家送礼品和骨折码,云计算,littledaisy,https://www.v2ex.com/t/404102#reply25
上海八号线杨思站找个室友， 1750 包水电网，押一付一，只能留两天,上海,gelilaohuang,https://www.v2ex.com/t/405492#reply0
求推荐一款插排， usb+美标两脚,问与答,1oNflow,https://www.v2ex.com/t/405491#reply0
你们开始了吗？我的左手已经在滴血了,淘宝,z0z,https://www.v2ex.com/t/405173#reply96
